상가업소번호,상호명,지점명,상권업종대분류코드,상권업종대분류명,상권업종중분류코드,상권업종중분류명,상권업종소분류코드,상권업종소분류명,표준산업분류코드,표준산업분류명,시도코드,시도명,시군구코드,시군구명,행정동코드,행정동명,법정동코드,법정동명,지번코드,대지구분코드,대지구분명,지번본번지,지번부번지,지번주소,도로명코드,도로명,건물본번지,건물부번지,건물관리번호,건물명,도로명주소,구우편번호,신우편번호,동정보,층정보,호정보,경도,위도,합
28516812,빽다방공덕새창로점,공덕새창로점,Q,음식,Q12,커피점/카페,Q12A01,커피전문점/카페/다방,I56220,비알콜 음료점업,11,서울특별시,11440,마포구,1144058500,도화동,1144010400,도화동,1.14E+18,1,대지,25,5,서울특별시 마포구 도화동 25-5,1.14E+11,서울특별시 마포구 새창로,15,1,1.14E+24,,서울특별시 마포구 새창로 15-1,121812,4169,,1,,126.9518216,37.54222806,5
25346931,빽다방서초우성점,서초우성점,Q,음식,Q12,커피점/카페,Q12A01,커피전문점/카페/다방,I56220,비알콜 음료점업,11,서울특별시,11650,서초구,1165052000,서초2동,1165010800,서초동,1.17E+18,1,대지,1329,9,서울특별시 서초구 서초동 1329-9,1.17E+11,서울특별시 서초구 사임당로,181,,1.17E+24,,서울특별시 서초구 사임당로 181,137070,6626,,1,,127.0293055,37.4930262,6
15655401,빽다방잠실장미상가,,Q,음식,Q12,커피점/카페,Q12A01,커피전문점/카페/다방,I56220,비알콜 음료점업,11,서울특별시,11710,송파구,1171071000,잠실6동,1171010200,신천동,1.17E+18,1,대지,7,,서울특별시 송파구 신천동 7,1.17E+11,서울특별시 송파구 올림픽로35길,104,,1.17E+24,장미아파트,서울특별시 송파구 올림픽로35길 104,138796,5504,,,,127.099289,37.51981032,8
28450254,빽다방중계은행사거리점,중계은행사거리점,Q,음식,Q12,커피점/카페,Q12A01,커피전문점/카페/다방,I56220,비알콜 음료점업,11,서울특별시,11350,노원구,1135062100,중계1동,1135010600,중계동,1.14E+18,1,대지,360,11,서울특별시 노원구 중계동 360-11,1.14E+11,서울특별시 노원구 한글비석로,235,,1.14E+24,하나프라자빌딩,서울특별시 노원구 한글비석로 235,139220,1743,,1,,127.0763272,37.64878886,6
25368024,빽다방성신여대점,성신여대점,Q,음식,Q12,커피점/카페,Q12A01,커피전문점/카페/다방,I56220,비알콜 음료점업,11,서울특별시,11290,성북구,1129057500,동선동,1129011600,동선동1가,1.13E+18,1,대지,2,12,서울특별시 성북구 동선동1가 2-12,1.13E+11,서울특별시 성북구 동소문로20나길,3,,1.13E+24,,서울특별시 성북구 동소문로20나길 3,136051,2845,,1,,127.0167663,37.59196568,7
25364101,빽다방신림역1호점,신림역1호점,Q,음식,Q12,커피점/카페,Q12A01,커피전문점/카페/다방,I56220,비알콜 음료점업,11,서울특별시,11620,관악구,1162064500,서원동,1162010200,신림동,1.16E+18,1,대지,1639,8,서울특별시 관악구 신림동 1639-8,1.16E+11,서울특별시 관악구 남부순환로,1592,,1.16E+24,,서울특별시 관악구 남부순환로 1592,151930,8776,,1,,126.9275723,37.48368563,7
12438246,빽다방,방이역코오롱점,Q,음식,Q12,커피점/카페,Q12A01,커피전문점/카페/다방,I56220,비알콜 음료점업,11,서울특별시,11710,송파구,1171056100,방이1동,1171011100,방이동,1.17E+18,1,대지,208,1,서울특별시 송파구 방이동 208-1,1.17E+11,서울특별시 송파구 마천로,25,,1.17E+24,,서울특별시 송파구 마천로 25,138835,5639,,,,127.123888,37.50967823,8
12425857,빽다방,,Q,음식,Q12,커피점/카페,Q12A01,커피전문점/카페/다방,I56220,비알콜 음료점업,11,서울특별시,11680,강남구,1168064000,역삼1동,1168010100,역삼동,1.17E+18,1,대지,826,14,서울특별시 강남구 역삼동 826-14,1.17E+11,서울특별시 강남구 강남대로,358,,1.17E+24,삼성생명역삼동빌딩,서울특별시 강남구 강남대로 358,135769,6241,,20,,127.0297769,37.49504844,10
23674574,빽다방방화사거리점,방화사거리점,Q,음식,Q12,커피점/카페,Q12A01,커피전문점/카페/다방,I56220,비알콜 음료점업,11,서울특별시,11500,강서구,1150063000,방화1동,1150010900,방화동,1.15E+18,1,대지,483,5,서울특별시 강서구 방화동 483-5,1.15E+11,서울특별시 강서구 금낭화로,91,2,1.15E+24,대승프라자,서울특별시 강서구 금낭화로 91-2,157220,7516,,1,,126.811063,37.57363808,8
12451641,빽다방이태원점,이태원점,Q,음식,Q12,커피점/카페,Q12A01,커피전문점/카페/다방,I56220,비알콜 음료점업,11,서울특별시,11170,용산구,1117065000,이태원1동,1117013000,이태원동,1.12E+18,1,대지,66,8,서울특별시 용산구 이태원동 66-8,1.12E+11,서울특별시 용산구 보광로59길,37,,1.12E+24,,서울특별시 용산구 보광로59길 37,140863,4391,,1,,126.9918575,37.53380046,3
11797256,빽다방,반포고투몰점,Q,음식,Q12,커피점/카페,Q12A01,커피전문점/카페/다방,I56220,비알콜 음료점업,11,서울특별시,11650,서초구,1165058100,반포4동,1165010700,반포동,1.17E+18,1,대지,19,3,서울특별시 서초구 반포동 19-3,1.17E+11,서울특별시 서초구 신반포로,176,,1.17E+24,센트럴시티빌딩,서울특별시 서초구 신반포로 176,137726,6546,,,,127.0023932,37.50393001,6
11797392,빽다방한양대점,한양대점,Q,음식,Q12,커피점/카페,Q12A01,커피전문점/카페/다방,I56220,비알콜 음료점업,11,서울특별시,11200,성동구,1120055000,사근동,1120010700,행당동,1.12E+18,1,대지,19,9,서울특별시 성동구 행당동 19-9,1.12E+11,서울특별시 성동구 마조로,21,,1.12E+24,,서울특별시 성동구 마조로 21,133070,4760,,1,,127.0408099,37.55989712,5
11797363,빽다방종로관철점,종로관철점,Q,음식,Q12,커피점/카페,Q12A01,커피전문점/카페/다방,I56220,비알콜 음료점업,11,서울특별시,11110,종로구,1111061500,종로1.2.3.4가동,1111013500,관철동,1.11E+18,1,대지,42,4,서울특별시 종로구 관철동 42-4,1.11E+11,서울특별시 종로구 종로10길,21,,1.11E+24,,서울특별시 종로구 종로10길 21,110111,3189,,1,,126.9845236,37.56898647,3
11804284,빽다방서울과기대점,서울과기대점,Q,음식,Q12,커피점/카페,Q12A01,커피전문점/카페/다방,I56220,비알콜 음료점업,11,서울특별시,11350,노원구,1135060000,공릉2동,1135010300,공릉동,1.14E+18,1,대지,441,1,서울특별시 노원구 공릉동 441-1,1.14E+11,서울특별시 노원구 공릉로,217,,1.14E+24,,서울특별시 노원구 공릉로 217,139240,1833,,1,,127.0770973,37.62868373,6
11804350,빽다방반포고투몰2호점,반포고투몰2호점,Q,음식,Q12,커피점/카페,Q12A01,커피전문점/카페/다방,I56220,비알콜 음료점업,11,서울특별시,11650,서초구,1165058100,반포4동,1165010700,반포동,1.17E+18,1,대지,128,4,서울특별시 서초구 반포동 128-4,1.17E+11,서울특별시 서초구 신반포로,200,,1.17E+24,강남터미널지하쇼핑몰,서울특별시 서초구 신반포로 200,137040,6545,,1,,127.0050321,37.50621391,6
11804281,빽다방을지로입구역점,을지로입구역점,Q,음식,Q12,커피점/카페,Q12A01,커피전문점/카페/다방,I56220,비알콜 음료점업,11,서울특별시,11140,중구,1114055000,명동,1114010200,다동,1.11E+18,1,대지,116,,서울특별시 중구 다동 116,1.11E+11,서울특별시 중구 남대문로9길,10,,1.11E+24,,서울특별시 중구 남대문로9길 10,100180,4522,,1,,126.9818706,37.56679211,5
11763599,빽다방중랑역동부시장점,중랑역동부시장점,Q,음식,Q12,커피점/카페,Q12A01,커피전문점/카페/다방,I56220,비알콜 음료점업,11,서울특별시,11260,중랑구,1126059000,상봉2동,1126010200,상봉동,1.13E+18,1,대지,130,130,서울특별시 중랑구 상봉동 130-130,1.13E+11,서울특별시 중랑구 망우로32길,14,,1.13E+24,,서울특별시 중랑구 망우로32길 14,131220,2120,,1,,127.0764142,37.59323141,2
11804429,빽다방천호역로데오점,천호역로데오점,Q,음식,Q12,커피점/카페,Q12A01,커피전문점/카페/다방,I56220,비알콜 음료점업,11,서울특별시,11740,강동구,1174061000,천호2동,1174010900,천호동,1.17E+18,1,대지,415,29,서울특별시 강동구 천호동 415-29,1.17E+11,서울특별시 강동구 올림픽로70길,57,,1.17E+24,,서울특별시 강동구 올림픽로70길 57,134020,5329,,1,,127.1267566,37.53918208,8
11804299,빽다방종암사거리점,종암사거리점,Q,음식,Q12,커피점/카페,Q12A01,커피전문점/카페/다방,I56220,비알콜 음료점업,11,서울특별시,11290,성북구,1129070500,종암동,1129013500,종암동,1.13E+18,1,대지,132,,서울특별시 성북구 종암동 132,1.13E+11,서울특별시 성북구 종암로,132,,1.13E+24,종암우림카이저팰리스,서울특별시 성북구 종암로 132,136090,2797,,1,,127.0334984,37.6019072,7
11804241,빽다방,월곡역점,Q,음식,Q12,커피점/카페,Q12A01,커피전문점/카페/다방,I56220,비알콜 음료점업,11,서울특별시,11290,성북구,1129072500,월곡2동,1129013600,하월곡동,1.13E+18,1,대지,16,7,서울특별시 성북구 하월곡동 16-7,1.13E+11,서울특별시 성북구 화랑로,91,,1.13E+24,국민은행월곡동지점,서울특별시 성북구 화랑로 91,136130,2751,,3,,127.0420917,37.60297742,7
16659341,빽다방,구산역점,Q,음식,Q12,커피점/카페,Q12A01,커피전문점/카페/다방,I56220,비알콜 음료점업,11,서울특별시,11380,은평구,1138056000,구산동,1138010500,구산동,1.14E+18,1,대지,1,15,서울특별시 은평구 구산동 1-15,1.14E+11,서울특별시 은평구 연서로,129,,1.14E+24,,서울특별시 은평구 연서로 129,122819,3412,,1,,126.9166707,37.61047058,7
11776418,빽다방,길음역점,Q,음식,Q12,커피점/카페,Q12A01,커피전문점/카페/다방,I56220,비알콜 음료점업,11,서울특별시,11290,성북구,1129066000,길음1동,1129013400,길음동,1.13E+18,1,대지,1276,,서울특별시 성북구 길음동 1276,1.13E+11,서울특별시 성북구 동소문로,248,,1.13E+24,삼부아파트,서울특별시 성북구 동소문로 248,136757,2735,102,,110,127.0235872,37.60291588,7
11795267,빽다방월계광운대점,월계광운대점,Q,음식,Q12,커피점/카페,Q12A01,커피전문점/카페/다방,I56220,비알콜 음료점업,11,서울특별시,11350,노원구,1135056000,월계1동,1135010200,월계동,1.14E+18,1,대지,393,14,서울특별시 노원구 월계동 393-14,1.14E+11,서울특별시 노원구 광운로,43,,1.14E+24,로얄포토빌딩,서울특별시 노원구 광운로 43,139050,1891,,1,,127.0589953,37.62134145,6
16749511,빽다방,강변역점,Q,음식,Q12,커피점/카페,Q12A01,커피전문점/카페/다방,I56220,비알콜 음료점업,11,서울특별시,11215,광진구,1121587000,구의3동,1121510300,구의동,1.12E+18,1,대지,546,11,서울특별시 광진구 구의동 546-11,1.12E+11,서울특별시 광진구 강변역로4길,10,,1.12E+24,강변역지너스타워,서울특별시 광진구 강변역로4길 10,143203,5116,,,,127.0933882,37.53534442,6
25293908,빽다방,건대로데오점,Q,음식,Q12,커피점/카페,Q12A01,커피전문점/카페/다방,I56220,비알콜 음료점업,11,서울특별시,11215,광진구,1121584700,자양4동,1121510500,자양동,1.12E+18,1,대지,8,1,서울특별시 광진구 자양동 8-1,1.12E+11,서울특별시 광진구 아차산로,220,,1.12E+24,,서울특별시 광진구 아차산로 220,143190,5072,,1,,127.0676375,37.54062232,6
7155897,빽다방,수서역점,Q,음식,Q12,커피점/카페,Q12A01,커피전문점/카페/다방,I56220,비알콜 음료점업,11,서울특별시,11680,강남구,1168075000,수서동,1168011500,수서동,1.17E+18,1,대지,713,,서울특별시 강남구 수서동 713,1.17E+11,서울특별시 강남구 밤고개로1길,10,,1.17E+24,수서현대벤쳐빌,서울특별시 강남구 밤고개로1길 10,135539,6349,,2,,127.1018421,37.48801336,10
16608121,빽다방,보라매타운점,Q,음식,Q12,커피점/카페,Q12A01,커피전문점/카페/다방,I56220,비알콜 음료점업,11,서울특별시,11590,동작구,1159068000,신대방2동,1159010900,신대방동,1.16E+18,1,대지,395,73,서울특별시 동작구 신대방동 395-73,1.16E+11,서울특별시 동작구 보라매로5가길,7,,1.16E+24,캐릭터그린빌,서울특별시 동작구 보라매로5가길 7,156736,7071,,30,,126.9250465,37.49188024,5
16594100,빽다방,마포경찰서점,Q,음식,Q12,커피점/카페,Q12A01,커피전문점/카페/다방,I56220,비알콜 음료점업,11,서울특별시,11440,마포구,1144055500,아현동,1144010100,아현동,1.14E+18,1,대지,618,9,서울특별시 마포구 아현동 618-9,1.14E+11,서울특별시 마포구 마포대로,179,,1.14E+24,,서울특별시 마포구 마포대로 179,121862,4130,,,,126.9547977,37.55032778,5
16768044,빽다방,암사역점,Q,음식,Q12,커피점/카페,Q12A01,커피전문점/카페/다방,I56220,비알콜 음료점업,11,서울특별시,11740,강동구,1174061000,천호2동,1174010900,천호동,1.17E+18,1,대지,287,,서울특별시 강동구 천호동 287,1.17E+11,서울특별시 강동구 올림픽로,770,,1.17E+24,영림빌딩,서울특별시 강동구 올림픽로 770,134867,5318,,,,127.1276402,37.54977601,8
11797355,빽다방,잠실장미상가점,Q,음식,Q12,커피점/카페,Q12A01,커피전문점/카페/다방,I56220,비알콜 음료점업,11,서울특별시,11710,송파구,1171071000,잠실6동,1171010200,신천동,1.17E+18,1,대지,7,,서울특별시 송파구 신천동 7,1.17E+11,서울특별시 송파구 올림픽로35길,104,,1.17E+24,장미아파트,서울특별시 송파구 올림픽로35길 104,138796,5504,,5,,127.099289,37.51981032,8
11804279,빽다방,안암역점,Q,음식,Q12,커피점/카페,Q12A01,커피전문점/카페/다방,I56220,비알콜 음료점업,11,서울특별시,11290,성북구,1129060000,안암동,1129012500,안암동5가,1.13E+18,1,대지,100,5,서울특별시 성북구 안암동5가 100-5,1.13E+11,서울특별시 성북구 인촌로,99,7,1.13E+24,,서울특별시 성북구 인촌로 99-7,136075,2842,,,,127.0301397,37.58670612,7
11804435,빽다방노량진학원점,노량진학원점,Q,음식,Q01,한식,Q01A01,한식/백반/한정식,I56111,한식 음식점업,11,서울특별시,11590,동작구,1159051000,노량진1동,1159010100,노량진동,1.16E+18,1,대지,119,155,서울특별시 동작구 노량진동 119-155,1.16E+11,서울특별시 동작구 만양로,94,2,1.16E+24,,서울특별시 동작구 만양로 94-2,156050,6913,,1,,126.9444192,37.51184196,5
11804545,빽다방,거여역점,Q,음식,Q12,커피점/카페,Q12A01,커피전문점/카페/다방,I56220,비알콜 음료점업,11,서울특별시,11710,송파구,1171053200,거여2동,1171011300,거여동,1.17E+18,1,대지,36,6,서울특별시 송파구 거여동 36-6,1.17E+11,서울특별시 송파구 오금로,515,,1.17E+24,,서울특별시 송파구 오금로 515,138110,5768,,1,,127.1461442,37.49315353,8
16725696,빽다방,개봉역점,Q,음식,Q12,커피점/카페,Q12A01,커피전문점/카페/다방,I56220,비알콜 음료점업,11,서울특별시,11530,구로구,1153075000,개봉2동,1153010700,개봉동,1.15E+18,1,대지,203,7,서울특별시 구로구 개봉동 203-7,1.15E+11,서울특별시 구로구 남부순환로97길,3,,1.15E+24,KS프리미어빌딩,서울특별시 구로구 남부순환로97길 3,152809,8328,,5,,126.8582394,37.49398361,7
16585756,빽다방,선정릉역점,Q,음식,Q12,커피점/카페,Q12A01,커피전문점/카페/다방,I56220,비알콜 음료점업,11,서울특별시,11680,강남구,1168064000,역삼1동,1168010100,역삼동,1.17E+18,1,대지,683,10,서울특별시 강남구 역삼동 683-10,1.17E+11,서울특별시 강남구 선릉로,567,,1.17E+24,대운,서울특별시 강남구 선릉로 567,135916,6145,,6,,127.0440621,37.5090772,10
11797193,빽다방동대문역점,동대문역점,Q,음식,Q12,커피점/카페,Q12A01,커피전문점/카페/다방,I56220,비알콜 음료점업,11,서울특별시,11110,종로구,1111067000,창신1동,1111017400,창신동,1.11E+18,1,대지,497,2,서울특별시 종로구 창신동 497-2,1.11E+11,서울특별시 종로구 종로,300,1,1.11E+24,,서울특별시 종로구 종로 300-1,110540,3119,,1,,127.011227,37.5715829,3
25254992,빽다방,아차산점,Q,음식,Q12,커피점/카페,Q12A01,커피전문점/카페/다방,I56220,비알콜 음료점업,11,서울특별시,11215,광진구,1121577000,중곡4동,1121510100,중곡동,1.12E+18,1,대지,114,32,서울특별시 광진구 중곡동 114-32,1.12E+11,서울특별시 광진구 천호대로129길,17,,1.12E+24,가은베스트빌,서울특별시 광진구 천호대로129길 17,143220,4953,,1,102,127.0905957,37.55285743,6
16675028,빽다방,연신내사거리점,Q,음식,Q12,커피점/카페,Q12A01,커피전문점/카페/다방,I56220,비알콜 음료점업,11,서울특별시,11380,은평구,1138052000,불광1동,1138010300,불광동,1.14E+18,1,대지,308,14,서울특별시 은평구 불광동 308-14,1.14E+11,서울특별시 은평구 통일로,840,,1.14E+24,범서빌딩,서울특별시 은평구 통일로 840,122859,3350,,1,,126.9220836,37.61838614,7
11806194,빽다방청담영동고점,청담영동고점,Q,음식,Q12,커피점/카페,Q12A01,커피전문점/카페/다방,I56220,비알콜 음료점업,11,서울특별시,11680,강남구,1168056500,청담동,1168010400,청담동,1.17E+18,1,대지,40,2,서울특별시 강남구 청담동 40-2,1.17E+11,서울특별시 강남구 선릉로,720,,1.17E+24,유관빌딩,서울특별시 강남구 선릉로 720,135951,6065,,1,,127.0408464,37.51906184,10
25246706,빽다방강동역헤르셔점,강동역헤르셔점,Q,음식,Q12,커피점/카페,Q12A01,커피전문점/카페/다방,I56220,비알콜 음료점업,11,서울특별시,11740,강동구,1174062000,천호3동,1174010900,천호동,1.17E+18,1,대지,447,17,서울특별시 강동구 천호동 447-17,1.17E+11,서울특별시 강동구 천호대로,1089,,1.17E+24,강동헤르셔,서울특별시 강동구 천호대로 1089,134020,5339,,1,,127.1330784,37.53656154,8
11777468,빽다방-목동사거리점,목동사거리점,Q,음식,Q12,커피점/카페,Q12A01,커피전문점/카페/다방,I56220,비알콜 음료점업,11,서울특별시,11500,강서구,1150057000,화곡4동,1150010300,화곡동,1.15E+18,1,대지,781,13,서울특별시 강서구 화곡동 781-13,1.15E+11,서울특별시 강서구 곰달래로,272,,1.15E+24,대동장여관,서울특별시 강서구 곰달래로 272,157010,7786,,1,,126.8631562,37.53217207,8
11775767,빽다방,역삼GS점,Q,음식,Q12,커피점/카페,Q12A01,커피전문점/카페/다방,I56220,비알콜 음료점업,11,서울특별시,11680,강남구,1168064000,역삼1동,1168010100,역삼동,1.17E+18,1,대지,669,9,서울특별시 강남구 역삼동 669-9,1.17E+11,서울특별시 강남구 봉은사로30길,73,,1.17E+24,,서울특별시 강남구 봉은사로30길 73,135080,6140,,,,127.0371055,37.50293858,10
25305917,빽다방,,Q,음식,Q12,커피점/카페,Q12A01,커피전문점/카페/다방,I56220,비알콜 음료점업,11,서울특별시,11740,강동구,1174065000,성내2동,1174010800,성내동,1.17E+18,1,대지,48,4,서울특별시 강동구 성내동 48-4,1.17E+11,서울특별시 강동구 천호옛길,94,,1.17E+24,,서울특별시 강동구 천호옛길 94,134030,5379,,1,,127.1260359,37.53694213,8
12562806,빽다방,약수역점,Q,음식,Q12,커피점/카페,Q12A01,커피전문점/카페/다방,I56220,비알콜 음료점업,11,서울특별시,11140,중구,1114062500,다산동,1114016200,신당동,1.11E+18,1,대지,374,10,서울특별시 중구 신당동 374-10,1.11E+11,서울특별시 중구 다산로,131,,1.11E+24,약수장여관,서울특별시 중구 다산로 131,100834,4607,,1,1,127.0108145,37.55569403,5
16187924,빽다방,명지대,Q,음식,Q12,커피점/카페,Q12A01,커피전문점/카페/다방,I56220,비알콜 음료점업,11,서울특별시,11410,서대문구,1141068500,홍은2동,1141011800,홍은동,1.14E+18,1,대지,409,37,서울특별시 서대문구 홍은동 409-37,1.14E+11,서울특별시 서대문구 거북골로,19,,1.14E+24,,서울특별시 서대문구 거북골로 19,120848,3662,,1,,126.925248,37.58031935,2
25344968,빽다방,잠실신천점,Q,음식,Q12,커피점/카페,Q12A01,커피전문점/카페/다방,I56220,비알콜 음료점업,11,서울특별시,11710,송파구,1171065000,잠실본동,1171010100,잠실동,1.17E+18,1,대지,183,3,서울특별시 송파구 잠실동 183-3,1.17E+11,서울특별시 송파구 백제고분로7길,45,,1.17E+24,페로스,서울특별시 송파구 백제고분로7길 45,138220,5558,,1,,127.083922,37.51092485,8
28462412,빽다방,성수역롯데캐슬점,Q,음식,Q12,커피점/카페,Q12A01,커피전문점/카페/다방,I56220,비알콜 음료점업,11,서울특별시,11200,성동구,1120069000,성수2가3동,1120011500,성수동2가,1.12E+18,1,대지,289,10,서울특별시 성동구 성수동2가 289-10,1.12E+11,서울특별시 성동구 성수이로,113,,1.12E+24,빌딩,서울특별시 성동구 성수이로 113,133120,4794,,1,,127.0571136,37.54513411,5
12608069,빽다방,마곡나루역북부점,Q,음식,Q12,커피점/카페,Q12A01,커피전문점/카페/다방,I56220,비알콜 음료점업,11,서울특별시,11500,강서구,1150060300,가양1동,1150010500,마곡동,1.15E+18,1,대지,757,3,서울특별시 강서구 마곡동 757-3,1.15E+11,서울특별시 강서구 마곡중앙5로1길,20,,1.15E+24,마곡나루역보타닉비즈타워,서울특별시 강서구 마곡중앙5로1길 20,157805,7788,,1,,126.826526,37.56863893,8
12592846,빽다방사가정역점,사가정역점,Q,음식,Q12,커피점/카페,Q12A01,커피전문점/카페/다방,I56220,비알콜 음료점업,11,서울특별시,11260,중랑구,1126057500,면목3.8동,1126010100,면목동,1.13E+18,1,대지,459,9,서울특별시 중랑구 면목동 459-9,1.13E+11,서울특별시 중랑구 면목로,330,1,1.13E+24,,서울특별시 중랑구 면목로 330-1,131813,2213,,1,,127.0886963,37.58149614,2
12073350,빽다방구로시장점,구로시장점,Q,음식,Q12,커피점/카페,Q12A01,커피전문점/카페/다방,I56220,비알콜 음료점업,11,서울특별시,11530,구로구,1153055000,구로4동,1153010200,구로동,1.15E+18,1,대지,313,5,서울특별시 구로구 구로동 313-5,1.15E+11,서울특별시 구로구 구로동로26길,125,,1.15E+24,,서울특별시 구로구 구로동로26길 125,152050,8312,,1,,126.8910384,37.48987193,7
16973880,빽다방,세종대후문점,Q,음식,Q12,커피점/카페,Q12A01,커피전문점/카페/다방,I56220,비알콜 음료점업,11,서울특별시,11215,광진구,1121573000,군자동,1121510900,군자동,1.12E+18,1,대지,103,,서울특별시 광진구 군자동 103,1.12E+11,서울특별시 광진구 군자로,108,,1.12E+24,세종힐라움,서울특별시 광진구 군자로 108,143839,5004,,,,127.0721505,37.55265085,6
11970434,빽다방태평로점,태평로점,Q,음식,Q12,커피점/카페,Q12A01,커피전문점/카페/다방,I56220,비알콜 음료점업,11,서울특별시,11140,중구,1114052000,소공동,1114011400,태평로2가,1.11E+18,1,대지,68,1,서울특별시 중구 태평로2가 68-1,1.11E+11,서울특별시 중구 세종대로,82,,1.11E+24,,서울특별시 중구 세종대로 82,100864,4526,,1,,126.977061,37.56338965,5
25558969,빽다방명일역점,명일역점,Q,음식,Q12,커피점/카페,Q12A01,커피전문점/카페/다방,I56220,비알콜 음료점업,11,서울특별시,11740,강동구,1174053000,명일1동,1174010100,명일동,1.17E+18,1,대지,325,2,서울특별시 강동구 명일동 325-2,1.17E+11,서울특별시 강동구 구천면로,418,,1.17E+24,,서울특별시 강동구 구천면로 418,134070,5292,,1,,127.1450151,37.5505068,8
11947822,빽다방신림역2호점,신림역2호점,Q,음식,Q12,커피점/카페,Q12A01,커피전문점/카페/다방,I56220,비알콜 음료점업,11,서울특별시,11620,관악구,1162064500,서원동,1162010200,신림동,1.16E+18,1,대지,1641,12,서울특별시 관악구 신림동 1641-12,1.16E+11,서울특별시 관악구 신림로,322,,1.16E+24,,서울특별시 관악구 신림로 322,151930,8777,,1,,126.9300815,37.4829605,7
17033710,빽다방,응암역점,Q,음식,Q12,커피점/카페,Q12A01,커피전문점/카페/다방,I56220,비알콜 음료점업,11,서울특별시,11380,은평구,1138063100,신사1동,1138010900,신사동,1.14E+18,1,대지,22,37,서울특별시 은평구 신사동 22-37,1.14E+11,서울특별시 은평구 은평로,56,,1.14E+24,안건빌딩,서울특별시 은평구 은평로 56,122882,3449,,1,,126.9140808,37.59852614,7
17043795,빽다방,,Q,음식,Q12,커피점/카페,Q12A01,커피전문점/카페/다방,I56220,비알콜 음료점업,11,서울특별시,11230,동대문구,1123066000,장안2동,1123010600,장안동,1.12E+18,1,대지,308,1,서울특별시 동대문구 장안동 308-1,1.12E+11,서울특별시 동대문구 장한로,140,,1.12E+24,,서울특별시 동대문구 장한로 140,130839,2523,,,,127.0721378,37.57284325,4
16957499,빽다방,돈암아리랑점,Q,음식,Q12,커피점/카페,Q12A01,커피전문점/카페/다방,I56220,비알콜 음료점업,11,서울특별시,11290,성북구,1129059000,돈암2동,1129010300,돈암동,1.13E+18,1,대지,644,,서울특별시 성북구 돈암동 644,1.13E+11,서울특별시 성북구 아리랑로,75,,1.13E+24,돈암코오롱하늘채,서울특별시 성북구 아리랑로 75,136062,2826,,,,127.0136072,37.59882326,7
25455683,빽다방둔촌동역점,둔촌동역점,Q,음식,Q12,커피점/카페,Q12A01,커피전문점/카페/다방,I56220,비알콜 음료점업,11,서울특별시,11740,강동구,1174066000,성내3동,1174010800,성내동,1.17E+18,1,대지,429,2,서울특별시 강동구 성내동 429-2,1.17E+11,서울특별시 강동구 양재대로,1339,,1.17E+24,,서울특별시 강동구 양재대로 1339,134030,5405,,1,,127.1349888,37.52594307,8
25246852,빽다방,잠실역지하도점,Q,음식,Q12,커피점/카페,Q12A01,커피전문점/카페/다방,I56220,비알콜 음료점업,11,서울특별시,11710,송파구,1171067000,잠실2동,1171010100,잠실동,1.17E+18,1,대지,8,,서울특별시 송파구 잠실동 8,1.17E+11,서울특별시 송파구 올림픽로,265,,1.17E+24,잠실역2호선,서울특별시 송파구 올림픽로 265,138220,5510,,,,127.1005744,37.51356678,8
17058228,빽다방,봉천역점,Q,음식,Q12,커피점/카페,Q12A01,커피전문점/카페/다방,I56220,비알콜 음료점업,11,서울특별시,11620,관악구,1162060500,은천동,1162010100,봉천동,1.16E+18,1,대지,926,36,서울특별시 관악구 봉천동 926-36,1.16E+11,서울특별시 관악구 남부순환로,1729,,1.16E+24,,서울특별시 관악구 남부순환로 1729,151843,8757,,,,126.9422193,37.48257422,7
11970428,빽다방,신대방삼거리점,Q,음식,Q12,커피점/카페,Q12A01,커피전문점/카페/다방,I56220,비알콜 음료점업,11,서울특별시,11590,동작구,1159055000,상도3동,1159010200,상도동,1.16E+18,1,대지,322,17,서울특별시 동작구 상도동 322-17,1.16E+11,서울특별시 동작구 국사봉1길,28,,1.16E+24,,서울특별시 동작구 국사봉1길 28,156030,7042,,1,,126.9300694,37.49887292,5
17077814,빽다방,노원문화의거리점,Q,음식,Q12,커피점/카페,Q12A01,커피전문점/카페/다방,I56220,비알콜 음료점업,11,서울특별시,11350,노원구,1135064000,상계2동,1135010500,상계동,1.14E+18,1,대지,617,,서울특별시 노원구 상계동 617,1.14E+11,서울특별시 노원구 노해로79길,6,19,1.14E+24,화랑상가,서울특별시 노원구 노해로79길 6-19,139821,1695,,,,127.0624067,37.65547284,6
17045773,빽다방,신논현역지점,Q,음식,Q08,제과제빵떡케익,Q08A01,제과점,I56191,제과점업,11,서울특별시,11650,서초구,1165056000,반포1동,1165010700,반포동,1.17E+18,1,대지,747,13,서울특별시 서초구 반포동 747-13,1.17E+11,서울특별시 서초구 사평대로,367,,1.17E+24,,서울특별시 서초구 사평대로 367,137810,6541,,,101,127.023085,37.50437327,6
17009285,빽다방,신사사거리지점,Q,음식,Q08,제과제빵떡케익,Q08A01,제과점,I56191,제과점업,11,서울특별시,11650,서초구,1165054000,잠원동,1165010600,잠원동,1.17E+18,1,대지,20,9,서울특별시 서초구 잠원동 20-9,1.17E+11,서울특별시 서초구 강남대로,605,,1.17E+24,세양21세기휴먼TOWER,서울특별시 서초구 강남대로 605,137903,6526,,,,127.0191474,37.51573896,6
17106995,빽다방,양재시민의숲역,Q,음식,Q12,커피점/카페,Q12A01,커피전문점/카페/다방,I56220,비알콜 음료점업,11,서울특별시,11650,서초구,1165065200,양재2동,1165010200,양재동,1.17E+18,1,대지,316,9,서울특별시 서초구 양재동 316-9,1.17E+11,서울특별시 서초구 마방로2길,94,,1.17E+24,OSL빌딩,서울특별시 서초구 마방로2길 94,137896,6779,,1,,127.039796,37.46946816,6
16689989,빽다방,월곡래미안점,Q,음식,Q12,커피점/카페,Q12A01,커피전문점/카페/다방,I56220,비알콜 음료점업,11,서울특별시,11290,성북구,1129071500,월곡1동,1129013600,하월곡동,1.13E+18,1,대지,77,221,서울특별시 성북구 하월곡동 77-221,1.13E+11,서울특별시 성북구 오패산로,98,,1.13E+24,로만플라자,서울특별시 성북구 오패산로 98,136871,2741,,1,B102,127.0356367,37.61084499,7
25371827,빽다방,영등포신세계점,Q,음식,Q12,커피점/카페,Q12A01,커피전문점/카페/다방,I56220,비알콜 음료점업,11,서울특별시,11560,영등포구,1156053500,영등포동,1156010500,영등포동4가,1.16E+18,1,대지,432,14,서울특별시 영등포구 영등포동4가 432-14,1.16E+11,서울특별시 영등포구 영중로,5,,1.16E+24,,서울특별시 영등포구 영중로 5,150034,7305,,1,,126.9061598,37.516819,6
16669344,빽다방,가산두산위브점,Q,음식,Q12,커피점/카페,Q12A01,커피전문점/카페/다방,I56220,비알콜 음료점업,11,서울특별시,11545,금천구,1154551000,가산동,1154510100,가산동,1.15E+18,1,대지,769,,서울특별시 금천구 가산동 769,1.15E+11,서울특별시 금천구 가산로,99,,1.15E+24,두산위브아파트,서울특별시 금천구 가산로 99,153754,8520,,1,101,126.8912751,37.4761512,1
11981868,빽다방,당산역점,Q,음식,Q12,커피점/카페,Q12A01,커피전문점/카페/다방,I56220,비알콜 음료점업,11,서울특별시,11560,영등포구,1156056000,당산2동,1156011600,당산동6가,1.16E+18,1,대지,220,,서울특별시 영등포구 당산동6가 220,1.16E+11,서울특별시 영등포구 양평로,28,1,1.16E+24,,서울특별시 영등포구 양평로 28-1,150809,7223,,1,,126.9032122,37.53348798,6
11992360,빽다방,영등포구청점,Q,음식,Q12,커피점/카페,Q12A01,커피전문점/카페/다방,I56220,비알콜 음료점업,11,서울특별시,11560,영등포구,1156055000,당산1동,1156011300,당산동3가,1.16E+18,1,대지,378,,서울특별시 영등포구 당산동3가 378,1.16E+11,서울특별시 영등포구 당산로,113,,1.16E+24,,서울특별시 영등포구 당산로 113,150803,7260,,1,,126.8961092,37.52487091,6
17121297,빽다방,구의역점,Q,음식,Q12,커피점/카페,Q12A01,커피전문점/카페/다방,I56220,비알콜 음료점업,11,서울특별시,11215,광진구,1121583000,자양2동,1121510500,자양동,1.12E+18,1,대지,216,9,서울특별시 광진구 자양동 216-9,1.12E+11,서울특별시 광진구 아차산로,380,,1.12E+24,세화빌딩,서울특별시 광진구 아차산로 380,143851,5051,,,,127.0849883,37.53661319,6
12079461,빽다방,천왕역점,Q,음식,Q12,커피점/카페,Q12A01,커피전문점/카페/다방,I56220,비알콜 음료점업,11,서울특별시,11530,구로구,1153078000,오류2동,1153010800,오류동,1.15E+18,1,대지,306,4,서울특별시 구로구 오류동 306-4,1.15E+11,서울특별시 구로구 오리로,1149,,1.15E+24,랑데르,서울특별시 구로구 오리로 1149,152100,8363,,,,126.8382361,37.48658925,7
17128615,빽다방,오류동역남부점,Q,음식,Q12,커피점/카페,Q12A01,커피전문점/카페/다방,I56220,비알콜 음료점업,11,서울특별시,11530,구로구,1153078000,오류2동,1153010800,오류동,1.15E+18,1,대지,148,2,서울특별시 구로구 오류동 148-2,1.15E+11,서울특별시 구로구 오류로8길,64,,1.15E+24,,서울특별시 구로구 오류로8길 64,152896,8344,,1,,126.8438459,37.49237492,7
17119544,빽다방,신림난곡점,Q,음식,Q12,커피점/카페,Q12A01,커피전문점/카페/다방,I56220,비알콜 음료점업,11,서울특별시,11620,관악구,1162077500,난곡동,1162010200,신림동,1.16E+18,1,대지,635,22,서울특별시 관악구 신림동 635-22,1.16E+11,서울특별시 관악구 난곡로,178,,1.16E+24,,서울특별시 관악구 난곡로 178,151880,8855,,,,126.9200324,37.47098422,7
16684674,빽다방,답십리사거리점,Q,음식,Q12,커피점/카페,Q12A01,커피전문점/카페/다방,I56220,비알콜 음료점업,11,서울특별시,11230,동대문구,1123060000,답십리1동,1123010500,답십리동,1.12E+18,1,대지,243,2,서울특별시 동대문구 답십리동 243-2,1.12E+11,서울특별시 동대문구 전농로,97,1,1.12E+24,,서울특별시 동대문구 전농로 97-1,130802,2540,,1,,127.0572634,37.5736715,4
17135582,빽다방,굽은다리역점,Q,음식,Q12,커피점/카페,Q12A01,커피전문점/카페/다방,I56220,비알콜 음료점업,11,서울특별시,11740,강동구,1174053000,명일1동,1174010100,명일동,1.17E+18,1,대지,346,1,서울특별시 강동구 명일동 346-1,1.17E+11,서울특별시 강동구 양재대로,1576,,1.17E+24,삼익빌딩,서울특별시 강동구 양재대로 1576,134830,5296,,,,127.1434352,37.54615227,8
12002176,빽다방구로디지털역점,구로디지털역점,Q,음식,Q12,커피점/카페,Q12A01,커피전문점/카페/다방,I56220,비알콜 음료점업,11,서울특별시,11530,구로구,1153054000,구로3동,1153010200,구로동,1.15E+18,1,대지,1124,72,서울특별시 구로구 구로동 1124-72,1.15E+11,서울특별시 구로구 디지털로32길,79,,1.15E+24,조영빌딩,서울특별시 구로구 디지털로32길 79,152050,8391,,1,,126.8997365,37.48354681,7
12079327,빽다방,까치산역점,Q,음식,Q12,커피점/카페,Q12A01,커피전문점/카페/다방,I56220,비알콜 음료점업,11,서울특별시,11500,강서구,1150059300,화곡8동,1150010300,화곡동,1.15E+18,1,대지,341,96,서울특별시 강서구 화곡동 341-96,1.15E+11,서울특별시 강서구 강서로,48,,1.15E+24,국민은행,서울특별시 강서구 강서로 48,157010,7757,,1,,126.8467163,37.53219287,8
25224739,빽다방,불광역점,Q,음식,Q12,커피점/카페,Q12A01,커피전문점/카페/다방,I56220,비알콜 음료점업,11,서울특별시,11380,은평구,1138052000,불광1동,1138010300,불광동,1.14E+18,1,대지,274,11,서울특별시 은평구 불광동 274-11,1.14E+11,서울특별시 은평구 통일로,738,,1.14E+24,,서울특별시 은평구 통일로 738,122040,3358,,1,,126.9293879,37.61140658,7
17107775,빽다방,응암대림시장점,Q,음식,Q12,커피점/카페,Q12A01,커피전문점/카페/다방,I56220,비알콜 음료점업,11,서울특별시,11380,은평구,1138060000,응암3동,1138010700,응암동,1.14E+18,1,대지,595,1,서울특별시 은평구 응암동 595-1,1.14E+11,서울특별시 은평구 응암로,169,,1.14E+24,,서울특별시 은평구 응암로 169,122924,3485,,1,,126.9162041,37.58720165,7
17113100,빽다방,수유역점,Q,음식,Q12,커피점/카페,Q12A01,커피전문점/카페/다방,I56220,비알콜 음료점업,11,서울특별시,11305,강북구,1130559500,번1동,1130510200,번동,1.13E+18,1,대지,418,3,서울특별시 강북구 번동 418-3,1.13E+11,서울특별시 강북구 도봉로,352,,1.13E+24,효성네오인텔리안,서울특별시 강북구 도봉로 352,142864,1063,,,,127.0270285,37.63867041,2
12611054,빽다방노원역북부점,노원역북부점,Q,음식,Q12,커피점/카페,Q12A01,커피전문점/카페/다방,I56220,비알콜 음료점업,11,서울특별시,11350,노원구,1135064000,상계2동,1135010500,상계동,1.14E+18,1,대지,593,1,서울특별시 노원구 상계동 593-1,1.14E+11,서울특별시 노원구 상계로3길,21,,1.14E+24,화일빌딩,서울특별시 노원구 상계로3길 21,139821,1693,,1,,127.0622603,37.65720166,6
12486219,빽다방,구파발역미켈란점,Q,음식,Q12,커피점/카페,Q12A01,커피전문점/카페/다방,I56220,비알콜 음료점업,11,서울특별시,11380,은평구,1138069000,진관동,1138011400,진관동,1.14E+18,1,대지,73,,서울특별시 은평구 진관동 73,1.14E+11,서울특별시 은평구 진관2로,15,8,1.14E+24,웅신미켈란의아침,서울특별시 은평구 진관2로 15-8,122200,3306,,,101,126.9195381,37.63538328,7
25250881,빽다방,대치동학원가점,Q,음식,Q12,커피점/카페,Q12A01,커피전문점/카페/다방,I56220,비알콜 음료점업,11,서울특별시,11680,강남구,1168063000,대치4동,1168010600,대치동,1.17E+18,1,대지,941,,서울특별시 강남구 대치동 941,1.17E+11,서울특별시 강남구 도곡로77길,8,,1.17E+24,,서울특별시 강남구 도곡로77길 8,135280,6209,,,,127.058634,37.49889516,10
11932265,빽다방망원시장점,망원시장점,Q,음식,Q12,커피점/카페,Q12A01,커피전문점/카페/다방,I56220,비알콜 음료점업,11,서울특별시,11440,마포구,1144069000,망원1동,1144012300,망원동,1.14E+18,1,대지,375,8,서울특별시 마포구 망원동 375-8,1.14E+11,서울특별시 마포구 월드컵로13길,34,,1.14E+24,두드림빌딩,서울특별시 마포구 월드컵로13길 34,121230,4012,,1,,126.9082408,37.55564608,5
11954409,빽다방청량리역점,청량리역점,Q,음식,Q12,커피점/카페,Q12A01,커피전문점/카페/다방,I56220,비알콜 음료점업,11,서울특별시,11230,동대문구,1123070500,청량리동,1123010700,청량리동,1.12E+18,1,대지,261,,서울특별시 동대문구 청량리동 261,1.12E+11,서울특별시 동대문구 왕산로,209,,1.12E+24,,서울특별시 동대문구 왕산로 209,130867,2490,,1,,127.0458496,37.58096836,4
25275058,빽다방압구정로데오점,압구정로데오점,Q,음식,Q12,커피점/카페,Q12A01,커피전문점/카페/다방,I56220,비알콜 음료점업,11,서울특별시,11680,강남구,1168054500,압구정동,1168010700,신사동,1.17E+18,1,대지,662,1,서울특별시 강남구 신사동 662-1,1.17E+11,서울특별시 강남구 선릉로161길,25,,1.17E+24,,서울특별시 강남구 선릉로161길 25,135897,6018,,1,,127.0383637,37.52740341,10
17159155,빽다방,합정역점,Q,음식,Q12,커피점/카페,Q12A01,커피전문점/카페/다방,I56220,비알콜 음료점업,11,서울특별시,11440,마포구,1144068000,합정동,1144012200,합정동,1.14E+18,1,대지,472,,서울특별시 마포구 합정동 472,1.14E+11,서울특별시 마포구 월드컵로1길,14,,1.14E+24,마포한강푸르지오,서울특별시 마포구 월드컵로1길 14,121888,4024,,,,126.9120459,37.5500407,5
17140638,빽다방,올림픽북단점,Q,음식,Q12,커피점/카페,Q12A01,커피전문점/카페/다방,I56220,비알콜 음료점업,11,서울특별시,11215,광진구,1121587000,구의3동,1121510300,구의동,1.12E+18,1,대지,199,8,서울특별시 광진구 구의동 199-8,1.12E+11,서울특별시 광진구 아차산로,480,,1.12E+24,,서울특별시 광진구 아차산로 480,143821,5117,,,102,127.0952274,37.54044948,6
17146845,빽다방,강서블루나인점,Q,음식,Q12,커피점/카페,Q12A01,커피전문점/카페/다방,I56220,비알콜 음료점업,11,서울특별시,11500,강서구,1150051000,염창동,1150010100,염창동,1.15E+18,1,대지,240,21,서울특별시 강서구 염창동 240-21,1.15E+11,서울특별시 강서구 양천로,583,,1.15E+24,우림블루나인비즈니스센터,서울특별시 강서구 양천로 583,157779,7547,,,,126.8643281,37.557106,8
12451970,빽다방신사역점,신사역점,Q,음식,Q12,커피점/카페,Q12A01,커피전문점/카페/다방,I56220,비알콜 음료점업,11,서울특별시,11680,강남구,1168051000,신사동,1168010700,신사동,1.17E+18,1,대지,535,7,서울특별시 강남구 신사동 535-7,1.17E+11,서울특별시 강남구 도산대로11길,34,,1.17E+24,,서울특별시 강남구 도산대로11길 34,135889,6034,,1,,127.0225229,37.51972256,10
17143995,빽다방,선유도역점,Q,음식,Q12,커피점/카페,Q12A01,커피전문점/카페/다방,I56220,비알콜 음료점업,11,서울특별시,11560,영등포구,1156062000,양평2동,1156012800,양평동4가,1.16E+18,1,대지,114,1,서울특별시 영등포구 양평동4가 114-1,1.16E+11,서울특별시 영등포구 양평로,120,,1.16E+24,,서울특별시 영등포구 양평로 120,150867,7206,,,,126.894357,37.53781148,6
17143641,빽다방,상왕십리역점,Q,음식,Q12,커피점/카페,Q12A01,커피전문점/카페/다방,I56220,비알콜 음료점업,11,서울특별시,11200,성동구,1120052000,왕십리2동,1120010200,하왕십리동,1.12E+18,1,대지,946,16,서울특별시 성동구 하왕십리동 946-16,1.12E+11,서울특별시 성동구 왕십리로,363,1,1.12E+24,,서울특별시 성동구 왕십리로 363-1,133857,4710,,,,127.0295507,37.56404003,5
17147137,빽다방,구로KT점,Q,음식,Q12,커피점/카페,Q12A01,커피전문점/카페/다방,I56220,비알콜 음료점업,11,서울특별시,11620,관악구,1162072500,조원동,1162010200,신림동,1.16E+18,1,대지,1668,15,서울특별시 관악구 신림동 1668-15,1.16E+11,서울특별시 관악구 남부순환로,1377,,1.16E+24,,서울특별시 관악구 남부순환로 1377,151904,8768,,,,126.9037329,37.48010591,7
12467150,빽다방,신설동역1호점,Q,음식,Q12,커피점/카페,Q12A01,커피전문점/카페/다방,I56220,비알콜 음료점업,11,서울특별시,11230,동대문구,1123053600,용신동,1123010100,신설동,1.12E+18,1,대지,98,27,서울특별시 동대문구 신설동 98-27,1.12E+11,서울특별시 동대문구 왕산로,20,,1.12E+24,,서울특별시 동대문구 왕산로 20,130811,2582,,,,127.025782,37.57616407,4
17137373,빽다방,창동역점,Q,음식,Q12,커피점/카페,Q12A01,커피전문점/카페/다방,I56220,비알콜 음료점업,11,서울특별시,11320,도봉구,1132051400,창4동,1132010700,창동,1.13E+18,1,대지,13,2,서울특별시 도봉구 창동 13-2,1.13E+11,서울특별시 도봉구 마들로11길,57,,1.13E+24,EQ빌딩,서울특별시 도봉구 마들로11길 57,132898,1414,,,,127.0501353,37.65350052,2
25288316,빽다방중앙대병원점,중앙대병원점,Q,음식,Q12,커피점/카페,Q12A01,커피전문점/카페/다방,I56220,비알콜 음료점업,11,서울특별시,11590,동작구,1159060500,흑석동,1159010500,흑석동,1.16E+18,1,대지,190,45,서울특별시 동작구 흑석동 190-45,1.16E+11,서울특별시 동작구 흑석로,93,,1.16E+24,,서울특별시 동작구 흑석로 93,156861,6910,,1,,126.9597961,37.50741907,5
23370656,빽다방,강북구청점,Q,음식,Q12,커피점/카페,Q12A01,커피전문점/카페/다방,I56220,비알콜 음료점업,11,서울특별시,11305,강북구,1130563000,수유3동,1130510300,수유동,1.13E+18,1,대지,221,22,서울특별시 강북구 수유동 221-22,1.13E+11,서울특별시 강북구 도봉로87길,48,,1.13E+24,,서울특별시 강북구 도봉로87길 48,142070,1072,,1,,127.02326,37.6391889,2
25412691,빽다방,구로삼성IT점,Q,음식,Q12,커피점/카페,Q12A01,커피전문점/카페/다방,I56220,비알콜 음료점업,11,서울특별시,11530,구로구,1153054000,구로3동,1153010200,구로동,1.15E+18,1,대지,197,5,서울특별시 구로구 구로동 197-5,1.15E+11,서울특별시 구로구 디지털로33길,27,,1.15E+24,삼성IT밸리,서울특별시 구로구 디지털로33길 27,152743,8380,,1,,126.8946567,37.48604936,7
25233906,빽다방,가락시장역점,Q,음식,Q12,커피점/카페,Q12A01,커피전문점/카페/다방,I56220,비알콜 음료점업,11,서울특별시,11710,송파구,1171062000,가락본동,1171010700,가락동,1.17E+18,1,대지,80,,서울특별시 송파구 가락동 80,1.17E+11,서울특별시 송파구 송파대로28길,27,,1.17E+24,송파성원쌍떼빌,서울특별시 송파구 송파대로28길 27,138956,5718,,1,,127.1200802,37.49488154,8
25255672,빽다방,우장산역점,Q,음식,Q12,커피점/카페,Q12A01,커피전문점/카페/다방,I56220,비알콜 음료점업,11,서울특별시,11500,강서구,1150056000,화곡3동,1150010300,화곡동,1.15E+18,1,대지,1006,3,서울특별시 강서구 화곡동 1006-3,1.15E+11,서울특별시 강서구 강서로,245,,1.15E+24,요셉치과의원,서울특별시 강서구 강서로 245,157010,7705,,1,,126.8359891,37.54755838,8
26213879,빽다방,서여의도점,Q,음식,Q12,커피점/카페,Q12A01,커피전문점/카페/다방,I56220,비알콜 음료점업,11,서울특별시,11560,영등포구,1156054000,여의동,1156011000,여의도동,1.16E+18,1,대지,14,24,서울특별시 영등포구 여의도동 14-24,1.16E+11,서울특별시 영등포구 국회대로68길,11,,1.16E+24,삼보호정빌딩,서울특별시 영등포구 국회대로68길 11,150871,7237,,1,,126.9196571,37.52922446,6
16403505,빽다방,KBS본관점,Q,음식,Q12,커피점/카페,Q12A01,커피전문점/카페/다방,I56220,비알콜 음료점업,11,서울특별시,11560,영등포구,1156054000,여의동,1156011000,여의도동,1.16E+18,1,대지,17,,서울특별시 영등포구 여의도동 17,1.16E+11,서울특별시 영등포구 의사당대로,38,,1.16E+24,여의도더샵아일랜드파크,서울특별시 영등포구 의사당대로 38,150916,7236,102,,121,126.9181942,37.52554382,6
16171507,빽다방,신대방역점,Q,음식,Q12,커피점/카페,Q12A01,커피전문점/카페/다방,I56220,비알콜 음료점업,11,서울특별시,11620,관악구,1162072500,조원동,1162010200,신림동,1.16E+18,1,대지,518,36,서울특별시 관악구 신림동 518-36,1.16E+11,서울특별시 관악구 난곡로,363,,1.16E+24,,서울특별시 관악구 난곡로 363,151874,8701,,2,,126.9134456,37.48632277,7
11781347,빽다방,남대문시장점,Q,음식,Q12,커피점/카페,Q12A01,커피전문점/카페/다방,I56220,비알콜 음료점업,11,서울특별시,11140,중구,1114054000,회현동,1114011200,남창동,1.11E+18,1,대지,281,17,서울특별시 중구 남창동 281-17,1.11E+11,서울특별시 중구 퇴계로,37,,1.11E+24,,서울특별시 중구 퇴계로 37,100060,4528,,1,,126.9763138,37.55843645,5
25578507,빽다방,구로로제리움점,Q,음식,Q12,커피점/카페,Q12A01,커피전문점/카페/다방,I56220,비알콜 음료점업,11,서울특별시,11530,구로구,1153055000,구로4동,1153010200,구로동,1.15E+18,1,대지,97,,서울특별시 구로구 구로동 97,1.15E+11,서울특별시 구로구 가마산로26길,5,,1.15E+24,로제리움2차,서울특별시 구로구 가마산로26길 5,152050,8302,,,,126.8909805,37.49607959,7
15954205,빽다방,발산역플레이스점,Q,음식,Q12,커피점/카페,Q12A01,커피전문점/카페/다방,I56220,비알콜 음료점업,11,서울특별시,11500,강서구,1150060300,가양1동,1150010500,마곡동,1.15E+18,1,대지,793,9,서울특별시 강서구 마곡동 793-9,1.15E+11,서울특별시 강서구 강서로,395,,1.15E+24,플레이스에이치,서울특별시 강서구 강서로 395,157805,7794,,1,,126.8385976,37.56104549,8
25431707,빽다방,대학로CGV점,Q,음식,Q12,커피점/카페,Q12A01,커피전문점/카페/다방,I56220,비알콜 음료점업,11,서울특별시,11110,종로구,1111065000,혜화동,1111016900,혜화동,1.11E+18,1,대지,167,3,서울특별시 종로구 혜화동 167-3,1.11E+11,서울특별시 종로구 대학로,143,,1.11E+24,,서울특별시 종로구 대학로 143,110530,3077,,1,,127.0012914,37.58402373,3
25230357,빽다방,은평초교점,Q,음식,Q12,커피점/카페,Q12A01,커피전문점/카페/다방,I56220,비알콜 음료점업,11,서울특별시,11380,은평구,1138051000,녹번동,1138010200,녹번동,1.14E+18,1,대지,266,,서울특별시 은평구 녹번동 266,1.14E+11,서울특별시 은평구 은평로,235,,1.14E+24,,서울특별시 은평구 은평로 235,122836,3382,,1,,126.9339061,37.60116671,7
25042368,빽다방,신용산역점,Q,음식,Q12,커피점/카페,Q12A01,커피전문점/카페/다방,I56220,비알콜 음료점업,11,서울특별시,11170,용산구,1117062500,한강로동,1117012500,한강로2가,1.12E+18,1,대지,2,196,서울특별시 용산구 한강로2가 2-196,1.12E+11,서울특별시 용산구 새창로,213,,1.12E+24,,서울특별시 용산구 새창로 213,140871,4376,,1,,126.967249,37.53046119,3
25365552,빽다방,신촌역점,Q,음식,Q12,커피점/카페,Q12A01,커피전문점/카페/다방,I56220,비알콜 음료점업,11,서울특별시,11410,서대문구,1141058500,신촌동,1141011600,창천동,1.14E+18,1,대지,18,46,서울특별시 서대문구 창천동 18-46,1.14E+11,서울특별시 서대문구 연세로2길,6,,1.14E+24,,서울특별시 서대문구 연세로2길 6,120833,3779,,1,,126.9371323,37.55586466,2
16587969,빽다방,낙성대역점,Q,음식,Q12,커피점/카페,Q12A01,커피전문점/카페/다방,I56220,비알콜 음료점업,11,서울특별시,11620,관악구,1162057500,행운동,1162010100,봉천동,1.16E+18,1,대지,1686,11,서울특별시 관악구 봉천동 1686-11,1.16E+11,서울특별시 관악구 남부순환로,1919,,1.16E+24,,서울특별시 관악구 남부순환로 1919,151812,8801,,3,,126.9626053,37.47768205,7
25253498,빽다방,,Q,음식,Q12,커피점/카페,Q12A01,커피전문점/카페/다방,I56220,비알콜 음료점업,11,서울특별시,11350,노원구,1135069500,상계6.7동,1135010500,상계동,1.14E+18,1,대지,727,,서울특별시 노원구 상계동 727,1.14E+11,서울특별시 노원구 노해로,482,,1.14E+24,덕영빌딩,서울특별시 노원구 노해로 482,139949,1751,,1,,127.0616965,37.65426882,6
23424299,빽다방,원효용문시장점,Q,음식,Q12,커피점/카페,Q12A01,커피전문점/카페/다방,I56220,비알콜 음료점업,11,서울특별시,11170,용산구,1117056000,원효로1동,1117011300,원효로2가,1.12E+18,1,대지,90,1,서울특별시 용산구 원효로2가 90-1,1.12E+11,서울특별시 용산구 새창로,132,,1.12E+24,,서울특별시 용산구 새창로 132,140847,4363,,1,,126.9612251,37.53569749,3
17086639,빽다방,방이시장점,Q,음식,Q12,커피점/카페,Q12A01,커피전문점/카페/다방,I56220,비알콜 음료점업,11,서울특별시,11710,송파구,1171056200,방이2동,1171011100,방이동,1.17E+18,1,대지,111,,서울특별시 송파구 방이동 111,1.17E+11,서울특별시 송파구 백제고분로48길,6,,1.17E+24,,서울특별시 송파구 백제고분로48길 6,138830,5641,,,,127.1138556,37.51154968,8
25259337,빽다방강남소망점,강남소망점,Q,음식,Q12,커피점/카페,Q12A01,커피전문점/카페/다방,I56220,비알콜 음료점업,11,서울특별시,11680,강남구,1168054500,압구정동,1168010700,신사동,1.17E+18,1,대지,627,6,서울특별시 강남구 신사동 627-6,1.17E+11,서울특별시 강남구 언주로159길,3,,1.17E+24,,서울특별시 강남구 언주로159길 3,135895,6024,,1,,127.0326234,37.52422988,10
17098663,빽다방,화곡역점,Q,음식,Q12,커피점/카페,Q12A01,커피전문점/카페/다방,I56220,비알콜 음료점업,11,서울특별시,11500,강서구,1150056000,화곡3동,1150010300,화곡동,1.15E+18,1,대지,1065,1,서울특별시 강서구 화곡동 1065-1,1.15E+11,서울특별시 강서구 화곡로25길,2,,1.15E+24,,서울특별시 강서구 화곡로25길 2,157924,7714,,,,126.8384841,37.54137482,8
14057824,빽다방명동중앙우체,,Q,음식,Q12,커피점/카페,Q12A01,커피전문점/카페/다방,I56220,비알콜 음료점업,11,서울특별시,11140,중구,1114055000,명동,1114012700,명동2가,1.11E+18,1,대지,101,3,서울특별시 중구 명동2가 101-3,1.11E+11,서울특별시 중구 남대문로,58,1,1.11E+24,,서울특별시 중구 남대문로 58-1,100810,4535,,1,,126.9818508,37.56242189,5
24347873,빽다방PAIKSCOFFEE,,Q,음식,Q12,커피점/카페,Q12A01,커피전문점/카페/다방,I56220,비알콜 음료점업,11,서울특별시,11440,마포구,1144058500,도화동,1144010400,도화동,1.14E+18,1,대지,290,15,서울특별시 마포구 도화동 290-15,1.14E+11,서울특별시 마포구 마포대로4길,16,,1.14E+24,,서울특별시 마포구 마포대로4길 16,121813,4173,,1,,126.946484,37.53875659,5
27951583,빽다방,강남역지하도점,Q,음식,Q12,커피점/카페,Q12A01,커피전문점/카페/다방,I56220,비알콜 음료점업,11,서울특별시,11680,강남구,1168064000,역삼1동,1168010100,역삼동,1.17E+18,1,대지,858,,서울특별시 강남구 역삼동 858,1.17E+11,서울특별시 강남구 강남대로,396,,1.17E+24,강남역,서울특별시 강남구 강남대로 396,135080,6232,E,,E-36,127.0282892,37.49815386,10
17206021,빽다방,방학역점,Q,음식,Q12,커피점/카페,Q12A01,커피전문점/카페/다방,I56220,비알콜 음료점업,11,서울특별시,11320,도봉구,1132052100,도봉1동,1132010800,도봉동,1.13E+18,1,대지,619,17,서울특별시 도봉구 도봉동 619-17,1.13E+11,서울특별시 도봉구 도봉로153길,20,,1.13E+24,,서울특별시 도봉구 도봉로153길 20,132820,1349,,1,,127.0423302,37.67001639,2
17213451,빽다방,상도E편한점,Q,음식,Q12,커피점/카페,Q12A01,커피전문점/카페/다방,I56220,비알콜 음료점업,11,서울특별시,11590,동작구,1159054000,상도2동,1159010200,상도동,1.16E+18,1,대지,903,,서울특별시 동작구 상도동 903,1.16E+11,서울특별시 동작구 만양로,6,,1.16E+24,E편한세상상도노빌리티,서울특별시 동작구 만양로 6,156032,6919,,1,106,126.9469376,37.50488132,5
17447430,빽다방,강동구청점,Q,음식,Q12,커피점/카페,Q12A01,커피전문점/카페/다방,I56220,비알콜 음료점업,11,서울특별시,11740,강동구,1174064000,성내1동,1174010800,성내동,1.17E+18,1,대지,319,27,서울특별시 강동구 성내동 319-27,1.17E+11,서울특별시 강동구 성내로3길,1,,1.17E+24,,서울특별시 강동구 성내로3길 1,134851,5392,,1,,127.1218895,37.53061299,8
17459792,빽다방,용답로데오점,Q,음식,Q12,커피점/카페,Q12A01,커피전문점/카페/다방,I56220,비알콜 음료점업,11,서울특별시,11200,성동구,1120079000,용답동,1120012200,용답동,1.12E+18,1,대지,4,11,서울특별시 성동구 용답동 4-11,1.12E+11,서울특별시 성동구 용답중앙15길,18,,1.12E+24,,서울특별시 성동구 용답중앙15길 18,133847,4805,,1,,127.05424,37.56478102,5
17450812,빽다방,화양사거리점,Q,음식,Q12,커피점/카페,Q12A01,커피전문점/카페/다방,I56220,비알콜 음료점업,11,서울특별시,11200,성동구,1120069000,성수2가3동,1120011500,성수동2가,1.12E+18,1,대지,281,16,서울특별시 성동구 성수동2가 281-16,1.12E+11,서울특별시 성동구 아차산로17길,57,,1.12E+24,일신건영휴먼테코,서울특별시 성동구 아차산로17길 57,133832,4799,,1,101,127.0657078,37.54745505,5
